~id,~label,phone_number:string,city:string,state:string,zipcode:string,country:string,birthdate:string,plan_start_dt:string,latitude:string,longitude:string
1011231004,user,1011231004,Epps,Louisiana,71237,United States,1975-06-01,2015-12-23,32.6038,-91.4814
1011231005,user,1011231005,University Center,Virginia,20147,United States,1979-08-27,2015-03-03,39.0599,-77.4443
1011231019,user,1011231019,Clarence,Louisiana,71457,United States,1987-01-05,2021-07-12,31.8198,-93.0292
1011231012,user,1011231012,Poteet,Texas,78065,United States,1989-02-04,2015-09-27,29.0373,-98.5728
1011231013,user,1011231013,Panorama Heights,California,93260,United States,1973-09-15,2021-10-19,35.8068,-118.627
1011231008,user,1011231008,Whitlock,Tennessee,38242,United States,1990-01-21,2017-04-21,36.3707,-88.3612
1011231003,user,1011231003,Mission Hill,South Dakota,57046,United States,1989-07-04,2022-03-18,42.9208,-97.2791
1011231000,user,1011231000,New Alexandria,Ohio,43938,United States,1990-05-27,2015-06-08,40.2916,-80.675
1011231016,user,1011231016,Pluckemin,New Jersey,07921,United States,1973-10-05,2023-03-04,40.6454,-74.6355
1011231007,user,1011231007,Jefferson City,Montana,59638,United States,1986-09-25,2019-08-10,46.3779,-112.0305
1011231001,user,1011231001,Pablo,Montana,59864,United States,1975-06-23,2016-12-09,47.6035,-114.1059
1011231010,user,1011231010,South Bloomfield,Ohio,43103,United States,1976-06-09,2021-08-27,39.7168,-82.993
1011231015,user,1011231015,Braden,Tennessee,38049,United States,1970-02-06,2023-10-04,35.3685,-89.5718
1011231018,user,1011231018,Tallulah,Louisiana,71284,United States,1975-07-19,2022-06-03,32.4068,-91.1916
1011231002,user,1011231002,Charlevoix,Michigan,49720,United States,1971-04-04,2015-09-26,45.3137,-85.2558
1011231009,user,1011231009,Tiger Point,Florida,32563,United States,1996-01-09,2019-11-09,30.3757,-87.0573
1011231022,user,1011231022,Hiram,Ohio,44234,United States,1984-05-16,2018-01-15,41.3115,-81.1429
1011231017,user,1011231017,Kensal,North Dakota,58455,United States,1971-09-20,2021-09-04,47.3,-98.7321
1011231014,user,1011231014,Harvel,Illinois,62538,United States,1988-01-02,2015-09-10,39.3577,-89.5322
1011231011,user,1011231011,Shaw Heights,Colorado,80031,United States,1991-12-17,2017-08-27,39.8566,-105.0391
1011231021,user,1011231021,Costa Mesa,California,92627,United States,1993-06-08,2022-05-05,33.6667,-117.9135
1011231006,user,1011231006,Zachary,Louisiana,70791,United States,1996-01-24,2019-11-03,30.6643,-91.1634
1011231020,user,1011231020,Maple Falls,Washington,98244,United States,1973-08-02,2021-01-18,48.9179,-122.0943
2023451007,user,2023451007,Panora,Iowa,50216,United States,1970-02-10,2023-10-08,41.6911,-94.3639
2023451002,user,2023451002,Garrattsville,New York,13315,United States,1976-11-18,2017-03-23,42.6524,-75.1691
2023451015,user,2023451015,Omar,West Virginia,25638,United States,1990-06-06,2022-12-11,37.7583,-81.9974
2023451010,user,2023451010,Carbon Hill,Ohio,43111,United States,1985-01-19,2018-02-16,39.5021,-82.2426
2023451018,user,2023451018,Iatan,Missouri,64098,United States,1976-12-18,2015-12-09,39.4791,-94.9848
2023451014,user,2023451014,Hague,North Dakota,58542,United States,1987-05-15,2020-07-01,46.0289,-99.9991
2023451003,user,2023451003,Bradbury,California,91008,United States,1970-05-01,2021-06-02,34.1536,-117.9684
2023451009,user,2023451009,Cuartelez,New Mexico,87567,United States,1999-04-28,2016-08-20,35.9929,-106.0196
2023451000,user,2023451000,Auburn Lake Trails,California,95614,United States,1973-12-04,2021-10-05,38.8916,-120.9849
2023451013,user,2023451013,Waukesha,Wisconsin,53189,United States,1989-08-12,2017-08-28,43.0087,-88.2464
2023451008,user,2023451008,Novinger,Missouri,63559,United States,1995-06-16,2021-02-07,40.2341,-92.7066
2023451005,user,2023451005,Onalaska,Washington,98532,United States,1986-02-22,2018-02-04,46.5782,-122.7114
2023451004,user,2023451004,Stannards,New York,14895,United States,1996-04-14,2021-07-25,42.0741,-77.9123
2023451006,user,2023451006,Ipswich,South Dakota,57451,United States,1988-11-19,2020-07-09,45.4435,-99.03
2023451020,user,2023451020,Mize,Mississippi,39116,United States,1983-10-14,2017-06-17,31.8665,-89.5542
2023451019,user,2023451019,McKee City,New Jersey,08330,United States,1986-07-10,2017-01-23,39.4465,-74.6445
2023451011,user,2023451011,Hitchcock,Oklahoma,73744,United States,2000-05-19,2017-07-01,35.9676,-98.3497
2023451022,user,2023451022,Williamsburg,Kansas,66095,United States,2000-12-22,2022-08-19,38.4807,-95.4681
2023451017,user,2023451017,Summitville,Ohio,43962,United States,1989-11-06,2022-11-09,40.6759,-80.8876
2023451024,user,2023451024,Corbin City,New Jersey,08330,United States,1990-01-14,2019-05-13,39.3046,-74.7199
2023451016,user,2023451016,Pace,Mississippi,38764,United States,1996-03-15,2015-01-22,33.7922,-90.8594
2023451023,user,2023451023,Dillsboro,North Carolina,28725,United States,1971-08-19,2018-03-23,35.3706,-83.2527
2023451012,user,2023451012,Camanche,Iowa,52730,United States,1999-06-04,2022-03-05,41.7923,-90.277
2023451021,user,2023451021,Umatilla,Florida,32784,United States,1995-07-05,2015-11-03,28.9273,-81.665
2023451001,user,2023451001,Lance Creek,Wyoming,82225,United States,1980-11-06,2021-04-18,43.041,-104.6626
3035671012,user,3035671012,Trumann,Arkansas,72472,United States,1981-12-07,2022-07-24,35.677,-90.5259
3035671011,user,3035671011,Colusa,California,95932,United States,1983-10-10,2021-09-16,39.2059,-122.0125
3035671013,user,3035671013,River Park,Florida,34952,United States,1985-07-12,2016-07-14,27.3214,-80.3308
3035671008,user,3035671008,Hawesville,Kentucky,42348,United States,2000-02-04,2020-10-20,37.8962,-86.7561
3035671019,user,3035671019,Braham,Minnesota,55006,United States,1999-03-04,2017-07-22,45.7223,-93.1717
3035671002,user,3035671002,Cooter,Missouri,63839,United States,1970-02-27,2017-02-25,36.0467,-89.8091
3035671020,user,3035671020,Seneca Gardens,Kentucky,40205,United States,1983-03-09,2023-03-01,38.2272,-85.6773
3035671006,user,3035671006,Dahlgren Center,Virginia,22448,United States,1995-09-16,2017-04-19,38.34,-77.0324
3035671005,user,3035671005,Channelview,Texas,77530,United States,1970-02-19,2018-01-28,29.7914,-95.1144
3035671007,user,3035671007,Courtland,Kansas,66939,United States,1995-11-27,2023-03-25,39.7835,-97.8961
3035671003,user,3035671003,Herrick,South Dakota,57538,United States,1976-01-18,2022-03-28,43.115,-99.1882
3035671000,user,3035671000,Kenton Vale,Kentucky,41015,United States,1994-10-20,2019-09-07,39.0514,-84.5199
3035671010,user,3035671010,Tab,Indiana,47917,United States,1990-10-05,2023-09-01,40.4149,-87.4773
3035671004,user,3035671004,Trego,Wisconsin,54888,United States,1987-11-14,2022-08-14,45.9048,-91.8287
3035671015,user,3035671015,Antonito,Colorado,81120,United States,1989-12-02,2018-06-17,37.0762,-106.0104
3035671001,user,3035671001,Ventana,Arizona,85321,United States,1985-02-02,2017-12-11,32.4681,-112.2434
3035671014,user,3035671014,Chalco,Nebraska,68138,United States,1997-12-14,2020-03-07,41.1817,-96.1353
3035671009,user,3035671009,Fourche,Arkansas,72016,United States,1982-05-06,2023-03-04,34.9933,-92.6189
3035671017,user,3035671017,South Apopka,Florida,32793,United States,1995-12-27,2022-02-02,28.657,-81.5058
3035671021,user,3035671021,Lawrence Creek,Oklahoma,74044,United States,1977-06-22,2023-09-10,36.0838,-96.4267
3035671016,user,3035671016,Frenchburg,Kentucky,40322,United States,1996-12-16,2023-10-10,37.9542,-83.6226
3035671018,user,3035671018,McCoole,Maryland,21562,United States,1992-02-27,2016-01-28,39.4534,-78.9732
4042311023,user,4042311023,Waimanalo,Hawaii,96795,United States,1977-03-15,2021-02-12,21.3421,-157.7303
4042311019,user,4042311019,Mineral,Washington,98355,United States,1988-03-01,2016-02-20,46.7193,-122.186
4042311022,user,4042311022,Port Carbon,Pennsylvania,17965,United States,1978-07-03,2016-01-26,40.6969,-76.1666
4042311018,user,4042311018,Necedah,Wisconsin,54646,United States,1993-07-18,2021-04-22,44.0233,-90.0717
4042311021,user,4042311021,Frazier Park,California,93225,United States,1982-06-09,2020-11-17,34.8118,-118.9549
4042311001,user,4042311001,St. Ann,Missouri,63074,United States,1992-10-25,2015-09-21,38.7266,-90.3872
4042311017,user,4042311017,Ray City,Georgia,31645,United States,1975-03-15,2017-09-10,31.0729,-83.196
4042311004,user,4042311004,Oakland,Arkansas,72661,United States,1984-06-12,2018-03-12,36.4604,-92.5718
4042311003,user,4042311003,Robinson Mill,California,95966,United States,1994-07-10,2015-02-02,39.4857,-121.3202
4042311025,user,4042311025,East Glacier Park Village,Montana,59434,United States,1986-12-25,2016-01-10,48.4459,-113.2235
4042311012,user,4042311012,Proctor,Texas,76446,United States,1991-02-13,2022-07-14,31.9867,-98.4304
4042311015,user,4042311015,Thousand Oaks,California,91359,United States,1983-04-12,2022-04-16,34.1914,-118.8756
4042311016,user,4042311016,Meadville,Missouri,64659,United States,1982-11-16,2021-08-22,39.7882,-93.2992
4042311026,user,4042311026,Tarkio,Missouri,64491,United States,1998-01-27,2018-06-19,40.443,-95.3835
4042311008,user,4042311008,Oasis,Nevada,89835,United States,1997-04-22,2022-05-02,41.0286,-114.4763
4042311002,user,4042311002,Crookston,Nebraska,69212,United States,1976-03-02,2019-07-11,42.9263,-100.7534
4042311014,user,4042311014,Sterling Ranch,Colorado,80125,United States,1977-07-12,2023-04-03,39.4932,-105.0475
4042311000,user,4042311000,Homestead Base,Florida,33033,United States,1987-01-25,2017-01-21,25.4936,-80.391
4042311011,user,4042311011,Inverness,Montana,59530,United States,1983-07-26,2020-10-13,48.5599,-110.7101
4042311006,user,4042311006,Lazy Mountain,Alaska,99645,United States,1975-07-01,2019-08-18,61.6517,-148.902
4042311020,user,4042311020,Chambersburg,Pennsylvania,17201,United States,1976-07-27,2023-12-10,39.9315,-77.6556
4042311007,user,4042311007,Inger,Minnesota,56636,United States,1995-09-09,2020-10-03,47.558,-93.9794
4042311024,user,4042311024,Goodnews Bay,Alaska,99589,United States,1979-06-02,2015-08-13,59.1271,-161.5753
4042311013,user,4042311013,North Laurel,Maryland,20723,United States,1991-02-18,2021-05-11,39.1285,-76.8476
4042311010,user,4042311010,Cresco,Iowa,52136,United States,1970-01-10,2016-06-01,43.3718,-92.1163
4042311009,user,4042311009,Inger,Minnesota,56636,United States,1980-04-07,2019-05-06,47.558,-93.9794
4042311005,user,4042311005,Baiting Hollow,New York,11933,United States,1983-05-23,2016-05-21,40.9582,-72.7395
5056721008,user,5056721008,Divernon,Illinois,62530,United States,1985-02-18,2021-11-21,39.5707,-89.6547
5056721007,user,5056721007,Flat Top Mountain,Tennessee,37379,United States,1970-06-18,2022-12-05,35.3319,-85.2
5056721003,user,5056721003,Dozier,Alabama,36028,United States,1971-03-08,2015-12-10,31.5031,-86.3694
5056721001,user,5056721001,Bangor,California,95966,United States,1992-08-10,2021-09-02,39.3761,-121.4117
5056721006,user,5056721006,Lake Nebagamon,Wisconsin,54849,United States,1983-10-24,2023-09-15,46.512,-91.6995
5056721002,user,5056721002,Federal Dam,Minnesota,56641,United States,1975-08-06,2021-11-12,47.2411,-94.2152
5056721004,user,5056721004,Waycross,Georgia,31503,United States,1981-06-18,2018-06-04,31.2108,-82.3579
5056721009,user,5056721009,Talkeetna,Alaska,99676,United States,1995-10-28,2020-04-17,62.2994,-149.9601
5056721005,user,5056721005,Los HÃ©roes Comunidad,Puerto Rico,00676,United States,1972-06-23,2019-05-18,18.3916,-67.1186
5056721010,user,5056721010,Shields,Michigan,48609,United States,1985-12-19,2019-03-22,43.4211,-84.0747
5056721000,user,5056721000,Graeagle,California,96103,United States,1991-05-04,2019-01-05,39.7572,-120.6486
6068941008,user,6068941008,Odanah,Wisconsin,54806,United States,2000-04-28,2017-08-17,46.5999,-90.6878
6068941007,user,6068941007,Luyando,Puerto Rico,00602,United States,1990-02-10,2023-10-05,18.3575,-67.1553
6068941006,user,6068941006,East Palestine,Ohio,44413,United States,1995-05-02,2017-12-05,40.8392,-80.5467
6068941005,user,6068941005,Gowanda,New York,14070,United States,1997-10-28,2017-01-20,42.4612,-78.9339
6068941004,user,6068941004,Dulac,Louisiana,70353,United States,1980-02-07,2021-12-11,29.3864,-90.7081
6068941003,user,6068941003,Iowa,Louisiana,70647,United States,1996-12-01,2016-07-10,30.2393,-93.013
6068941000,user,6068941000,Questa,New Mexico,87556,United States,1987-10-05,2017-05-05,36.7114,-105.5935
6068941001,user,6068941001,Sebree,Kentucky,42455,United States,1984-04-25,2023-08-15,37.604,-87.5187
6068941009,user,6068941009,Chatsworth,Iowa,51023,United States,1979-09-01,2023-03-05,42.9163,-96.5145
6068941010,user,6068941010,Maunaloa,Hawaii,96770,United States,1994-07-24,2022-11-13,21.1334,-157.2123
6068941002,user,6068941002,Angie,Louisiana,70426,United States,1985-04-20,2023-04-15,30.9633,-89.8177
7072371011,user,7072371011,Gatesville,North Carolina,27938,United States,1972-04-26,2023-02-12,36.4072,-76.7566
7072371015,user,7072371015,Rexford,Montana,59930,United States,1976-02-23,2016-04-28,48.8998,-115.1714
7072371000,user,7072371000,Melvindale,Michigan,48122,United States,1973-12-24,2022-05-13,42.2802,-83.1782
7072371010,user,7072371010,Nabesna,Alaska,99586,United States,1970-02-13,2021-08-21,62.4606,-143.0402
7072371016,user,7072371016,Clitherall,Minnesota,56524,United States,1980-07-05,2017-12-06,46.2743,-95.631
7072371008,user,7072371008,South Williamsport,Pennsylvania,17702,United States,1981-10-10,2020-05-09,41.2294,-77.0009
7072371001,user,7072371001,Myersville,Maryland,21773,United States,1979-02-21,2017-01-26,39.5062,-77.569
7072371005,user,7072371005,Frisbee,Missouri,63852,United States,1983-12-17,2020-09-14,36.3516,-90.0299
7072371007,user,7072371007,Wedderburn,Oregon,97444,United States,1987-12-10,2016-05-27,42.4328,-124.4232
7072371003,user,7072371003,West Leipsic,Ohio,45856,United States,1979-06-15,2020-09-06,41.1053,-84.0011
7072371012,user,7072371012,Lauderdale-by-the-Sea,Florida,33062,United States,1976-04-16,2022-10-08,26.1991,-80.0971
7072371009,user,7072371009,Newbury,Kansas,66526,United States,1998-11-28,2017-10-25,39.0846,-96.174
7072371017,user,7072371017,Cass City,Michigan,48726,United States,2000-07-26,2017-06-23,43.6007,-83.1767
7072371006,user,7072371006,Porters Neck,North Carolina,28411,United States,1984-03-02,2022-04-03,34.2942,-77.7695
7072371013,user,7072371013,Falls Creek,Pennsylvania,15840,United States,1990-05-27,2021-07-23,41.1421,-78.8067
7072371014,user,7072371014,North Hobbs,New Mexico,88241,United States,1973-01-27,2022-03-18,32.7731,-103.125
7072371002,user,7072371002,Wheatley Heights,New York,11798,United States,1971-04-05,2022-11-13,40.7624,-73.3705
7072371004,user,7072371004,Olympia Heights,Florida,33165,United States,1982-07-27,2018-11-21,25.724,-80.3388
7072371018,user,7072371018,Mulberry Grove,Illinois,62262,United States,1986-09-10,2023-10-11,38.9245,-89.2662
9098611006,user,9098611006,Wilmont,Minnesota,56185,United States,1987-11-06,2019-05-11,43.765,-95.8269
9098611003,user,9098611003,Simpsonville,Kentucky,40067,United States,1988-05-20,2023-06-10,38.2167,-85.3515
9098611016,user,9098611016,Grant City,Missouri,64456,United States,1998-03-27,2019-12-21,40.4858,-94.4135
9098611002,user,9098611002,Toppers,Oklahoma,74467,United States,1993-09-04,2020-03-19,35.9656,-95.3201
9098611017,user,9098611017,West Easton,Pennsylvania,18042,United States,1997-06-27,2022-12-13,40.6781,-75.2357
9098611001,user,9098611001,Tetonia,Idaho,83452,United States,1982-01-09,2020-09-26,43.8147,-111.1586
9098611007,user,9098611007,Sunbury,North Carolina,27979,United States,1993-04-15,2015-03-17,36.4469,-76.6127
9098611005,user,9098611005,La Follette,Tennessee,37766,United States,1987-11-28,2023-04-25,36.3718,-84.1256
9098611015,user,9098611015,Apple Mountain Lake,Virginia,22642,United States,1998-06-19,2017-03-07,38.9231,-78.1033
9098611012,user,9098611012,Lomita,California,90717,United States,1994-03-16,2023-05-17,33.7933,-118.3175
9098611014,user,9098611014,Nitta Yuma,Mississippi,39159,United States,1986-06-20,2015-09-18,33.0236,-90.8487
9098611010,user,9098611010,North Washington,Iowa,50659,United States,1978-09-21,2022-11-15,43.1171,-92.4151
9098611004,user,9098611004,New Chicago,Indiana,46342,United States,1987-08-26,2018-03-24,41.5587,-87.2718
9098611019,user,9098611019,Tarrant,Alabama,35217,United States,2000-11-12,2020-06-17,33.5945,-86.7685
9098611011,user,9098611011,Tallassee,Alabama,36078,United States,1979-07-08,2023-10-27,32.5315,-85.8903
9098611018,user,9098611018,Lowes Island,Virginia,20165,United States,1974-04-24,2016-08-02,39.0471,-77.3524
9098611000,user,9098611000,Poncha Springs,Colorado,81201,United States,1994-02-09,2023-09-14,38.514,-106.0944
9098611008,user,9098611008,Palominas,Arizona,85615,United States,1982-02-03,2017-03-08,31.3839,-110.1212
9098611013,user,9098611013,Eastman,Wisconsin,54626,United States,1993-05-03,2018-09-24,43.1622,-91.0254
9098611009,user,9098611009,North Druid Hills,Georgia,30324,United States,1983-02-19,2016-01-25,33.8185,-84.3254
8082301008,user,8082301008,La Platte,Nebraska,68123,United States,1972-02-17,2015-06-15,41.0718,-95.9255
8082301003,user,8082301003,Arco,Minnesota,56113,United States,1970-01-11,2016-01-18,44.3838,-96.1826
8082301002,user,8082301002,Newton Hamilton,Pennsylvania,17066,United States,1974-10-20,2021-07-09,40.3925,-77.8354
8082301009,user,8082301009,Laird,Colorado,80758,United States,2000-08-13,2016-02-17,40.0819,-102.102
8082301006,user,8082301006,K. I. Sawyer,Michigan,49841,United States,1990-02-10,2023-06-13,46.3299,-87.3673
8082301005,user,8082301005,Huntsdale,Missouri,65203,United States,1988-04-01,2016-09-14,38.912,-92.4787
8082301000,user,8082301000,Crescent City,Illinois,60928,United States,1996-10-21,2023-05-01,40.7716,-87.8564
8082301010,user,8082301010,Cathay,North Dakota,58422,United States,1982-05-24,2018-01-25,47.5542,-99.4108
8082301004,user,8082301004,Suisun City,California,94585,United States,1971-12-11,2023-04-15,38.2473,-122.0091
8082301001,user,8082301001,Warner Valley,California,96020,United States,1987-10-07,2017-09-04,40.3955,-121.3174
8082301007,user,8082301007,Oak Trail Shores,Texas,76048,United States,1986-10-21,2019-11-06,32.4885,-97.8357
1238901002,user,1238901002,Coaldale,Colorado,81222,United States,1994-12-05,2021-06-14,38.3558,-105.8131
1238901006,user,1238901006,Old River,California,93311,United States,1991-10-01,2015-10-08,35.2671,-119.1055
1238901001,user,1238901001,Beaman,Iowa,50609,United States,1985-04-18,2017-02-27,42.2203,-92.8221
1238901000,user,1238901000,Valley City,Illinois,62340,United States,1980-07-18,2023-07-09,39.7067,-90.6508
1238901005,user,1238901005,Langley Park,Maryland,20903,United States,1991-12-25,2018-09-01,38.9897,-76.9808
1238901007,user,1238901007,Olancha,California,93549,United States,1980-10-10,2021-02-24,36.2704,-118.0015
1238901004,user,1238901004,El Prado Estates,Arizona,85365,United States,1972-11-05,2015-09-09,32.7062,-114.5215
1238901003,user,1238901003,Mendocino,California,95460,United States,1980-06-12,2021-05-14,39.311,-123.7908
4567601006,user,4567601006,Newberg,Oregon,97132,United States,2000-10-18,2021-05-15,45.3075,-122.9601
4567601000,user,4567601000,Gurnee,Illinois,60031,United States,1971-08-19,2020-08-05,42.3708,-87.9392
4567601001,user,4567601001,Claverack-Red Mills,New York,12513,United States,1985-10-26,2016-05-06,42.2264,-73.7268
4567601002,user,4567601002,Piperton,Tennessee,38066,United States,1984-11-26,2017-09-27,35.0512,-89.6091
4567601009,user,4567601009,Pine Lake,Arizona,86401,United States,1988-05-15,2023-12-21,35.0887,-113.874
4567601005,user,4567601005,Stark City,Missouri,64866,United States,1999-03-07,2022-05-16,36.8629,-94.1863
4567601003,user,4567601003,Stonington,Illinois,62567,United States,1976-12-28,2016-12-27,39.6385,-89.1921
4567601004,user,4567601004,Los Angeles,Texas,78580,United States,1997-08-18,2023-04-07,26.4947,-97.7862
4567601008,user,4567601008,Lemon Hill,California,95824,United States,1997-04-23,2015-05-02,38.5172,-121.4573
4567601007,user,4567601007,Keefton,Oklahoma,74403,United States,1989-12-18,2023-03-03,35.5772,-95.3065
1118161000,user,1118161000,Winnfield,Louisiana,71483,United States,1980-12-26,2017-10-11,31.924,-92.6425
1118161004,user,1118161004,Kellnersville,Wisconsin,54215,United States,1996-06-21,2020-05-08,44.2253,-87.8021
1118161002,user,1118161002,Silverstreet,South Carolina,29145,United States,1979-07-14,2022-02-18,34.2177,-81.7146
1118161001,user,1118161001,Yelm,Washington,98597,United States,1982-11-01,2023-06-12,46.9398,-122.6262
1118161009,user,1118161009,Ault,Colorado,80610,United States,1970-08-08,2019-09-07,40.5893,-104.7392
1118161008,user,1118161008,Glenburn,North Dakota,58740,United States,1995-10-24,2019-03-19,48.5136,-101.2211
1118161014,user,1118161014,Rumson,New Jersey,07760,United States,1995-05-02,2022-08-12,40.3626,-74.0046
1118161011,user,1118161011,Varnell,Georgia,30756,United States,1973-08-26,2023-08-13,34.9015,-84.9645
1118161003,user,1118161003,Washtucna,Washington,99371,United States,1982-10-23,2022-01-27,46.7539,-118.3106
1118161006,user,1118161006,Pleasant Lake,Indiana,46779,United States,1982-05-25,2018-09-23,41.5753,-85.0161
1118161012,user,1118161012,Cissna Park,Illinois,60924,United States,1979-01-23,2017-06-04,40.567,-87.8922
1118161013,user,1118161013,Four Corners,Montana,59771,United States,1998-02-10,2021-06-20,45.6697,-111.1785
1118161005,user,1118161005,Presidio,Texas,79845,United States,1986-06-28,2018-07-09,29.5603,-104.3653
1118161010,user,1118161010,Snowslip,Montana,59916,United States,1995-02-22,2021-04-22,48.2648,-113.446
1118161007,user,1118161007,Orocovis,Puerto Rico,00720,United States,1974-04-02,2021-02-22,18.2258,-66.3902
2221081002,user,2221081002,Unionville,Nevada,89418,United States,1987-07-16,2022-05-28,40.4467,-118.1229
2221081008,user,2221081008,Paukaa,Hawaii,96720,United States,1985-01-18,2021-12-23,19.7625,-155.0931
2221081006,user,2221081006,Davidsville,Pennsylvania,15928,United States,1973-07-19,2017-01-02,40.2348,-78.9356
2221081005,user,2221081005,Fellsmere,Florida,32948,United States,1970-07-26,2017-09-19,27.7241,-80.5974
2221081007,user,2221081007,Intercourse,Pennsylvania,17572,United States,1970-02-07,2019-06-09,40.0379,-76.1081
2221081009,user,2221081009,Malone,Washington,98559,United States,1996-10-16,2023-08-17,46.9779,-123.3035
2221081003,user,2221081003,Flournoy,California,96029,United States,1975-10-20,2017-01-13,39.9284,-122.4458
2221081004,user,2221081004,Swift Trail Junction,Arizona,85546,United States,1997-08-18,2020-02-24,32.7305,-109.7148
2221081001,user,2221081001,Hope Valley,Rhode Island,02832,United States,1987-04-01,2023-07-21,41.5151,-71.7201
2221081000,user,2221081000,Monson Center,Massachusetts,01057,United States,1985-10-19,2017-10-09,42.099,-72.3048
3333671005,user,3333671005,Hodges,South Carolina,29653,United States,1996-02-24,2015-06-11,34.2876,-82.248
3333671007,user,3333671007,Doniphan,Nebraska,68832,United States,1971-05-12,2022-08-06,40.7742,-98.3708
3333671008,user,3333671008,Livengood,Alaska,99790,United States,1995-09-22,2018-09-15,65.4817,-148.4171
3333671000,user,3333671000,Volant,Pennsylvania,16156,United States,1976-04-03,2021-10-28,41.1132,-80.2589
3333671012,user,3333671012,Barranquitas,Puerto Rico,00794,United States,1990-09-12,2015-10-26,18.1848,-66.3102
3333671013,user,3333671013,Delaware Park,New Jersey,08865,United States,1987-03-15,2016-10-13,40.7051,-75.1883
3333671002,user,3333671002,Windham,Montana,59479,United States,1984-07-08,2015-11-21,47.0781,-110.1386
3333671014,user,3333671014,Cowen,West Virginia,26206,United States,1998-09-19,2022-01-16,38.411,-80.5542
3333671011,user,3333671011,Meta,Missouri,65058,United States,1998-01-11,2021-06-28,38.3122,-92.1656
3333671010,user,3333671010,Berkley,Iowa,50220,United States,1970-08-23,2018-07-05,41.9465,-94.1136
3333671006,user,3333671006,Beaconsfield,Iowa,50074,United States,1999-04-27,2019-08-09,40.8075,-94.0507
3333671001,user,3333671001,Peppertown,Indiana,47030,United States,1981-12-25,2022-04-27,39.3989,-85.1741
3333671009,user,3333671009,Willow,Oklahoma,73673,United States,1986-04-09,2023-02-19,35.0515,-99.5098
3333671015,user,3333671015,Sweet Water,Alabama,36782,United States,1974-05-04,2015-06-25,32.1046,-87.8619
3333671004,user,3333671004,Seaside Park,New Jersey,08752,United States,1994-01-10,2021-01-26,39.9264,-74.0785
3333671003,user,3333671003,Nevada City,California,95959,United States,1993-06-01,2016-06-13,39.2607,-121.0231
4441291012,user,4441291012,Las Maravillas,New Mexico,87031,United States,1992-11-24,2017-07-16,34.734,-106.669
4441291004,user,4441291004,Dering Harbor,New York,11964,United States,1984-10-12,2015-06-25,41.0933,-72.3418
4441291002,user,4441291002,Veguita,New Mexico,87062,United States,1970-01-01,2023-07-24,34.5146,-106.7679
4441291000,user,4441291000,Davis City,Iowa,50065,United States,1979-06-25,2015-08-23,40.64,-93.8126
4441291013,user,4441291013,Cromberg,California,96103,United States,1986-09-11,2020-06-12,39.8684,-120.6904
4441291001,user,4441291001,Juncos,Puerto Rico,00777,United States,1977-04-28,2021-06-28,18.2256,-65.9161
4441291009,user,4441291009,Denmark,Iowa,52627,United States,1992-02-08,2022-05-13,40.7385,-91.3381
4441291010,user,4441291010,Blountsville,Indiana,47354,United States,1999-08-01,2021-08-19,40.0598,-85.2384
4441291006,user,4441291006,Rackerby,California,95914,United States,1990-03-26,2020-06-16,39.4261,-121.3542
4441291007,user,4441291007,Las Flores,California,92688,United States,1977-11-15,2021-10-13,33.584,-117.6237
4441291005,user,4441291005,Winters,Texas,79567,United States,1991-04-16,2022-01-16,31.9564,-99.9292
4441291008,user,4441291008,Eckhart Mines,Maryland,21532,United States,1973-02-14,2021-12-28,39.6552,-78.8941
4441291003,user,4441291003,Stone Ridge,New York,12440,United States,1980-12-05,2023-09-13,41.8436,-74.1518
4441291011,user,4441291011,Hardin,Kentucky,42048,United States,1995-06-22,2019-03-26,36.7651,-88.3023
4441291014,user,4441291014,Itmann,West Virginia,24847,United States,1979-06-22,2016-05-02,37.5734,-81.4146
5552491001,user,5552491001,Portis,Kansas,67474,United States,1980-06-07,2018-03-25,39.5638,-98.6916
5552491010,user,5552491010,Grand Saline,Texas,75140,United States,1970-12-11,2020-03-17,32.6776,-95.7114
5552491005,user,5552491005,Belhaven,North Carolina,27810,United States,1973-03-22,2017-08-01,35.5428,-76.6232
5552491009,user,5552491009,Bradford,Iowa,50126,United States,1976-11-19,2017-01-27,42.6367,-93.2524
5552491007,user,5552491007,Big Creek,West Virginia,25505,United States,1986-10-04,2015-12-26,38.0054,-82.0361
5552491002,user,5552491002,Seltzer,Pennsylvania,17901,United States,1972-01-24,2020-04-24,40.696,-76.2366
5552491003,user,5552491003,Apache,Oklahoma,73006,United States,1989-06-16,2023-11-21,34.8937,-98.3584
5552491004,user,5552491004,Los Minerales,Texas,78045,United States,1982-03-28,2018-07-13,27.6555,-99.6179
5552491006,user,5552491006,Midvale,Idaho,83645,United States,1975-10-05,2018-05-16,44.4618,-116.7435
5552491008,user,5552491008,Worthing,South Dakota,57077,United States,1993-07-15,2022-07-03,43.33,-96.7683
5552491000,user,5552491000,Sandy,Oregon,97055,United States,1986-01-06,2022-09-07,45.3988,-122.2697
6662391005,user,6662391005,Tetherow,Oregon,97702,United States,2000-09-12,2022-02-13,44.0389,-121.3667
6662391009,user,6662391009,Heron Lake,Minnesota,56137,United States,1982-04-08,2022-12-17,43.7981,-95.3197
6662391004,user,6662391004,Mariemont,Ohio,45226,United States,1989-02-09,2023-01-11,39.1429,-84.3783
6662391002,user,6662391002,Uhrichsville,Ohio,44683,United States,1980-08-09,2015-02-19,40.4005,-81.3515
6662391008,user,6662391008,Carolina Meadows,North Carolina,27517,United States,1981-08-08,2018-10-26,35.8597,-79.0179
6662391006,user,6662391006,Fife Lake,Michigan,49633,United States,1970-04-04,2015-05-09,44.5731,-85.3511
6662391003,user,6662391003,James Town,Wyoming,82935,United States,1992-02-13,2017-03-13,41.5648,-109.5383
6662391007,user,6662391007,Ramirez-Perez,Texas,78547,United States,1983-11-13,2017-11-14,26.317,-98.6933
6662391001,user,6662391001,Hornsby,Tennessee,38008,United States,1995-03-18,2016-12-21,35.2285,-88.8293
6662391000,user,6662391000,Westwood Shores,Texas,75862,United States,1970-07-08,2020-06-18,30.9376,-95.3254
6662391010,user,6662391010,Clarissa,Minnesota,56440,United States,1984-12-23,2016-03-10,46.1284,-94.949
7778611003,user,7778611003,Lawrenceburg,Indiana,47025,United States,1988-06-04,2019-02-22,39.0986,-84.8713
7778611004,user,7778611004,Eagan,Minnesota,55122,United States,1995-10-20,2021-02-12,44.817,-93.1638
7778611010,user,7778611010,Banquete,Texas,78339,United States,1986-08-24,2018-12-27,27.8007,-97.7972
7778611011,user,7778611011,Paulsboro,New Jersey,08066,United States,1980-11-21,2020-01-03,39.84,-75.2397
7778611017,user,7778611017,Colona,Colorado,81403,United States,1989-05-18,2015-09-21,38.3276,-107.7793
7778611014,user,7778611014,Fajardo,Puerto Rico,00738,United States,1985-01-07,2020-06-06,18.3331,-65.6589
7778611016,user,7778611016,Meraux,Louisiana,70092,United States,1994-06-28,2023-12-12,29.9284,-89.9179
7778611009,user,7778611009,New Union,Alabama,35956,United States,2000-09-11,2015-04-15,34.1422,-86.2218
7778611005,user,7778611005,Cashmere,Washington,98815,United States,1998-06-26,2020-03-17,47.5175,-120.467
7778611000,user,7778611000,Coal Run Village,Kentucky,41501,United States,1994-11-27,2022-01-28,37.5372,-82.5577
7778611007,user,7778611007,Granby,Colorado,80446,United States,1975-01-01,2016-03-03,40.0647,-105.9194
7778611001,user,7778611001,Duneland Beach,Indiana,46360,United States,1976-05-11,2021-07-15,41.7562,-86.8334
7778611015,user,7778611015,Yachats,Oregon,97498,United States,1973-09-04,2018-07-23,44.3127,-124.1023
7778611018,user,7778611018,Toppers,Oklahoma,74467,United States,1998-11-16,2022-09-26,35.9656,-95.3201
7778611002,user,7778611002,Inglenook,Connecticut,06812,United States,1973-05-16,2018-06-23,41.5229,-73.4736
7778611013,user,7778611013,Dwale,Kentucky,41621,United States,1977-05-05,2023-09-17,37.6253,-82.7277
7778611006,user,7778611006,Bolton Landing,New York,12814,United States,1982-11-27,2020-01-22,43.563,-73.6529
7778611008,user,7778611008,Earlham,Iowa,50072,United States,1979-09-14,2016-09-26,41.4943,-94.122
7778611012,user,7778611012,Holbrook,Nebraska,68948,United States,1996-03-21,2022-02-22,40.3047,-100.0099
8882381029,user,8882381029,Northbrook,Ohio,45231,United States,1976-07-16,2023-01-28,39.2467,-84.5796
8882381023,user,8882381023,Center Line,Michigan,48015,United States,1974-01-04,2015-11-22,42.4805,-83.0274
8882381017,user,8882381017,Meriden,Iowa,51037,United States,1977-12-25,2020-06-28,42.7946,-95.6341
8882381016,user,8882381016,Warrior Run,Pennsylvania,18706,United States,1977-06-26,2020-01-14,41.1885,-75.9494
8882381021,user,8882381021,Melcher-Dallas,Iowa,50062,United States,1970-11-18,2017-01-18,41.227,-93.2416
8882381009,user,8882381009,E. Lopez,Texas,78582,United States,1989-01-15,2018-09-10,26.3087,-98.6379
8882381028,user,8882381028,Brush Prairie,Washington,98662,United States,1992-10-03,2017-02-02,45.725,-122.5483
8882381004,user,8882381004,Levasy,Missouri,64088,United States,1989-05-13,2022-06-18,39.1363,-94.1307
8882381012,user,8882381012,Brownsboro Village,Kentucky,40207,United States,1992-05-18,2021-03-28,38.2629,-85.6659
8882381020,user,8882381020,Deanville,Texas,77836,United States,1994-04-07,2018-04-02,30.4295,-96.7569
8882381007,user,8882381007,Vanderwagen,New Mexico,87326,United States,1979-10-04,2016-10-14,35.2714,-108.7517
8882381010,user,8882381010,Port Huron,Michigan,48061,United States,1983-09-16,2022-09-13,42.9821,-82.4388
8882381000,user,8882381000,Greentree,New Jersey,08003,United States,1994-08-25,2020-03-14,39.8989,-74.9613
8882381001,user,8882381001,Faribault,Minnesota,55021,United States,1994-12-05,2020-10-12,44.2996,-93.2789
8882381002,user,8882381002,Witt,Illinois,62094,United States,1992-09-03,2023-06-23,39.2539,-89.3488
8882381011,user,8882381011,Mooreland,Indiana,47360,United States,1970-06-01,2020-11-15,39.9973,-85.2513
8882381005,user,8882381005,Lacombe,Louisiana,70445,United States,1992-01-26,2017-11-26,30.3141,-89.931
8882381027,user,8882381027,Northrop,Minnesota,56031,United States,1997-04-12,2020-01-16,43.736,-94.4366
8882381018,user,8882381018,Nashotah,Wisconsin,53058,United States,1991-12-14,2015-01-27,43.0938,-88.4038
8882381006,user,8882381006,Fussels Corner,Florida,33801,United States,1983-11-04,2020-08-12,28.0574,-81.861
8882381026,user,8882381026,Brook Park,Minnesota,55007,United States,1989-10-07,2020-07-19,45.9484,-93.0728
8882381008,user,8882381008,Garey,California,93454,United States,1983-08-21,2016-04-28,34.8869,-120.3141
8882381014,user,8882381014,Childers Hill,Tennessee,38326,United States,1977-04-22,2019-06-22,35.0816,-88.3267
8882381019,user,8882381019,Grifton,North Carolina,28530,United States,1996-03-23,2022-08-09,35.3795,-77.4281
8882381024,user,8882381024,Barahona,Puerto Rico,00687,United States,1991-06-26,2016-09-26,18.3522,-66.4442
8882381013,user,8882381013,Welsh,Louisiana,70591,United States,1991-07-11,2018-01-11,30.2355,-92.8135
8882381022,user,8882381022,Elkhart Lake,Wisconsin,53020,United States,1983-08-01,2020-08-07,43.8322,-88.0147
8882381003,user,8882381003,North Blenheim,New York,12131,United States,1996-12-09,2023-05-15,42.4718,-74.4525
8882381015,user,8882381015,Falcon Lake Estates,Texas,78076,United States,1975-08-14,2016-11-06,26.8719,-99.2584
8882381025,user,8882381025,Lenox Dale,Massachusetts,01242,United States,1978-10-08,2021-01-27,42.3339,-73.2496
9992341008,user,9992341008,Hargill,Texas,78549,United States,1976-03-17,2015-11-27,26.4423,-98.0146
9992341005,user,9992341005,Wartburg,Tennessee,37887,United States,1996-06-01,2018-02-28,36.1038,-84.5859
9992341003,user,9992341003,Marlette,Michigan,48453,United States,1985-01-10,2018-02-11,43.3268,-83.0806
9992341007,user,9992341007,Estancia,New Mexico,87016,United States,1974-04-14,2016-04-14,34.7667,-106.0301
9992341009,user,9992341009,Rose Farm,Ohio,43731,United States,1996-02-13,2020-03-26,39.7359,-82.0779
9992341002,user,9992341002,Yucca,Arizona,86438,United States,1975-07-02,2017-06-21,34.8629,-114.1461
9992341006,user,9992341006,Calera,Oklahoma,74702,United States,1994-11-06,2019-05-15,33.9303,-96.4293
9992341000,user,9992341000,Stebbins,Alaska,99671,United States,1999-11-26,2022-06-21,63.4705,-162.2599
9992341004,user,9992341004,Artemus,Kentucky,40906,United States,1988-08-06,2019-08-17,36.8351,-83.8413
9992341010,user,9992341010,Geddes,South Dakota,57342,United States,1977-04-12,2022-05-01,43.254,-98.6974
9992341001,user,9992341001,Topaz,California,96133,United States,1980-05-28,2019-12-13,38.6356,-119.5047
